epoch;acc;loss;val_acc;val_loss
0;0.1143;0.10891473098516465;0.1064;0.09001172605752945
1;0.11318;0.08998117951750756;0.1064;0.09000444453954697
2;0.11356;0.08998294855356216;0.1064;0.09000646957159042
