epoch;acc;loss;val_acc;val_loss
0;0.10734000000238418;0.09003597270965576;0.1065;0.09004415760040284
1;0.10696000000238419;0.09002989570617675;0.1066;0.0900383140206337
2;0.10939999999523163;0.09002443129062652;0.107;0.09003321497440338
