epoch;acc;loss;val_acc;val_loss
0;0.8296000000190735;0.024811405325233935;0.9107;0.013044306797720492
1;0.9176400000381469;0.012522160972356797;0.9269;0.010672254394739867
2;0.9438200000381469;0.00883061253361404;0.9564;0.006895174840465188
