epoch;acc;loss;val_acc;val_loss
0;0.55252;0.053603143547028304;0.8896;0.016652900433540344
1;0.88704;0.017796747487899847;0.9117;0.014276514991922158
2;0.88564;0.019746248833610026;0.8697;0.02356925231013937
