epoch;acc;loss;val_acc;val_loss
0;0.10136;0.17674431233048438;0.0991;0.18018000659942626
1;0.09864;0.18027200674533844;0.0991;0.18018000659942626
2;0.09864;0.180272006714344;0.0991;0.18018000659942626
