epoch;acc;loss;val_acc;val_loss
0;0.52898;0.08563664337084043;0.1009;0.17982000688314437
1;0.09684;0.18063200667142867;0.1009;0.17982000688314437
2;0.09684;0.1806320066690445;0.1009;0.17982000688314437
