epoch;acc;loss;val_acc;val_loss
0;0.11384;0.17645066780686378;0.1064;0.17872000197768212
1;0.11356;0.17728800001859665;0.1064;0.17872000047564507
2;0.11356;0.17728799772500992;0.1064;0.17871999757289886
