epoch;acc;loss;val_acc;val_loss
0;0.13432;0.09001612696170806;0.1416;0.08992866687774659
1;0.15841999999523163;0.08983449747562408;0.1642;0.0897468178987503
2;0.18304000000953674;0.08965907946109772;0.1901;0.08956662755012512
