epoch;acc;loss;val_acc;val_loss
0;0.09128;0.18109032881498338;0.0915;0.1817000068306923
1;0.09012;0.18197600658535956;0.0915;0.1817000068306923
2;0.09012;0.18197600662350655;0.0915;0.1817000068306923
