epoch;acc;loss;val_acc;val_loss
0;0.37836;0.07382138106584549;0.7779;0.03261816268861294
1;0.81652;0.027228144039213656;0.8006;0.0331267669916153
2;0.783;0.039193835410028695;0.8552;0.027461689203600242
