epoch;acc;loss;val_acc;val_loss
0;0.24024000000953674;0.08912988188505172;0.3182;0.08805605750083924
1;0.35794000000953674;0.0860156131052971;0.3844;0.08224964923858642
2;0.48736000003814695;0.07110298893094062;0.6983;0.05301577386856079
