epoch;acc;loss;val_acc;val_loss
0;0.09998;0.17919001719474792;0.0991;0.18018000657558442
1;0.09864;0.18027200661063195;0.0991;0.18018000657558442
2;0.09864;0.18027200662732124;0.0991;0.18018000657558442
