epoch;acc;loss;val_acc;val_loss
0;0.1052;0.17824105023264886;0.109;0.17820000663995741
1;0.1035;0.17930000660479067;0.109;0.17820000663995741
2;0.1035;0.17930000656962394;0.109;0.17820000663995741
