epoch;acc;loss;val_acc;val_loss
0;0.11998;0.17215652866125106;0.1064;0.17872000718712808
1;0.11356;0.17728800683498383;0.1064;0.17872000718712808
2;0.11356;0.17728800683438778;0.1064;0.17872000718712808
