epoch;acc;loss;val_acc;val_loss
0;0.16028;0.15358958211898804;0.1064;0.1787198962688446
1;0.11356;0.17728770498752594;0.1064;0.1787195473432541
2;0.11846;0.17608632955551148;0.1064;0.1787200047969818
