epoch;acc;loss;val_acc;val_loss
0;0.1027;0.17747231245994569;0.0983;0.18033996450901033
1;0.09718;0.18056395175457002;0.0983;0.18033995358943938
2;0.09718;0.180563935379982;0.0983;0.1803399334192276
