epoch;acc;loss;val_acc;val_loss
0;0.0986;0.1792624526000023;0.0983;0.18034000712037088
1;0.09718;0.1805640067434311;0.0983;0.18034000712037088
2;0.09718;0.18056400661468505;0.0983;0.18034000712037088
