epoch;acc;loss;val_acc;val_loss
0;0.12618;0.17166152237892152;0.0983;0.18034000465869904
1;0.09718;0.18056400413036347;0.0983;0.18034000465869904
2;0.09718;0.18056400425434113;0.0983;0.18034000465869904
