epoch;acc;loss;val_acc;val_loss
0;0.11688;0.09034424917697907;0.1751;0.08994475004673004
1;0.18696;0.08979552440166473;0.1749;0.08965799089670182
2;0.1512;0.08955395626306534;0.1413;0.0894465927362442
