epoch;acc;loss;val_acc;val_loss
0;0.10858;0.17583761150240898;0.0991;0.18018000659942626
1;0.09864;0.18027200676321983;0.0991;0.18018000659942626
2;0.09864;0.18027200674057006;0.0991;0.18018000659942626
