epoch;acc;loss;val_acc;val_loss
0;0.15542;0.16516476141498904;0.0961;0.18078000677227973
1;0.09976;0.1800480068206787;0.0961;0.18078000677227973
2;0.09976;0.18004800674796104;0.0961;0.18078000677227973
