epoch;acc;loss;val_acc;val_loss
0;0.10956000000953674;0.08999547076940537;0.108;0.08999981181621551
1;0.11174;0.0899922986292839;0.1096;0.08999674756526947
2;0.11398000000476838;0.08998907631397247;0.1103;0.08999362545013427
