epoch;acc;loss;val_acc;val_loss
0;0.10032;0.17879746170639993;0.0967;0.18065999834537505
1;0.09902;0.18019599850058557;0.0967;0.18065999680757522
2;0.09902;0.18019599722862242;0.0967;0.1806599948465824
