epoch;acc;loss;val_acc;val_loss
0;0.6992600000190735;0.042780976780653;0.8543;0.0215183970823884
1;0.8621200000190735;0.020737784841358662;0.8916;0.016564765512943266
2;0.879979999961853;0.01804883664727211;0.8929;0.016256100764125585
