epoch;acc;loss;val_acc;val_loss
0;0.18304;0.08902048755168915;0.3013;0.0878607500076294
1;0.38653999998092653;0.08659401279687881;0.4639;0.08462061259746552
2;0.45303999999046324;0.08186521201610565;0.5122;0.07727463102340698
