epoch;acc;loss;val_acc;val_loss
0;0.1276000000023842;0.09035830081224441;0.1547;0.08995229246616364
1;0.18629999999523164;0.08974079624176025;0.2081;0.08961830235719681
2;0.23148000000476837;0.08946856468200684;0.2427;0.08936513044834136
