epoch;acc;loss;val_acc;val_loss
0;0.11489999999046326;0.08999081351757049;0.1326;0.08997509949207307
1;0.14746000000953674;0.08994729287624359;0.1595;0.08994178762435913
2;0.16863999999523163;0.08991333912611008;0.171;0.08990970697402954
