epoch;acc;loss;val_acc;val_loss
0;0.15808;0.08981588360548019;0.1726;0.08951998999118804
1;0.19698;0.08923937446594238;0.2174;0.08889985374212266
2;0.24722;0.08851630620002747;0.2805;0.08799684584140778
