epoch;acc;loss;val_acc;val_loss
0;0.666660000038147;0.04871330088108778;0.8912;0.017241358539462088
1;0.88808;0.01716208312392235;0.891;0.01634519683495164
2;0.9004600000190734;0.01516003408074379;0.9115;0.013122489704098553
