epoch;acc;loss;val_acc;val_loss
0;0.0645;0.09066161978721618;0.06;0.09049931877851486
1;0.06744;0.09044726481914521;0.0659;0.09032310183048248
2;0.07082;0.090295773999691;0.0725;0.09019191364049911
