epoch;acc;loss;val_acc;val_loss
0;0.10349999999523163;0.09209066147327423;0.109;0.09163325393199921
1;0.10350000000476837;0.09162092191934586;0.109;0.0912741819858551
2;0.10350000000238418;0.09129874481678009;0.109;0.09101200881004333
