epoch;acc;loss;val_acc;val_loss
0;0.10098;0.17866354573786258;0.099;0.18020000677108763
1;0.09936;0.18012800679922103;0.099;0.18020000677108763
2;0.09936;0.1801280067193508;0.099;0.18020000677108763
