epoch;acc;loss;val_acc;val_loss
0;0.12531999999523163;0.09034373752355576;0.1426;0.08987459638118744
1;0.16946000000238418;0.08956499379634857;0.1782;0.08933895698785782
2;0.20191999999046326;0.08907134123563766;0.2008;0.0887843928217888
