epoch;acc;loss;val_acc;val_loss
0;0.14936;0.13035781054496764;0.1009;0.17982002749443055
1;0.09683999999761582;0.1806320281457901;0.1009;0.17982002749443055
2;0.09683999999046326;0.18063202793121338;0.1009;0.17982002749443055
