epoch;acc;loss;val_acc;val_loss
0;0.11984;0.17496568787544967;0.1064;0.17872000718712808
1;0.11356;0.1772880068051815;0.1064;0.17872000718712808
2;0.11356;0.17728800687670707;0.1064;0.17872000718712808
