epoch;acc;loss;val_acc;val_loss
0;0.11357999999523163;0.08996048292398452;0.1161;0.08973212113380433
1;0.11873999999046325;0.0895991114807129;0.123;0.08941064138412476
2;0.1252200000011921;0.0893150482559204;0.1296;0.089130546605587
