epoch;acc;loss;val_acc;val_loss
0;0.30792;0.12883953458324074;0.1993;0.16004962019026278
1;0.1727;0.16542654507875443;0.2026;0.15944132662415506
2;0.17628;0.16472696865290404;0.109;0.1782000069618225
