epoch;acc;loss;val_acc;val_loss
0;0.15926;0.0894828743815422;0.1823;0.08915586516857148
1;0.18094;0.08910676364183426;0.2025;0.08878438404798508
2;0.19879999999523162;0.08875594689846039;0.2217;0.08842150378227234
