epoch;acc;loss;val_acc;val_loss
0;0.9323;0.010240455878746755;0.968;0.00501690188423342
1;0.96938;0.004889474875505026;0.9772;0.0037626802116809536
2;0.97158;0.004694788996046236;0.9729;0.004727182861744936
