epoch;acc;loss;val_acc;val_loss
0;0.10838;0.17741843267202378;0.109;0.1782000069618225
1;0.1035;0.17930000680088998;0.109;0.1782000069618225
2;0.1035;0.17930000679254532;0.109;0.1782000069618225
