epoch;acc;loss;val_acc;val_loss
0;0.08240000000238419;0.09015662535905838;0.0956;0.0901178385257721
1;0.10515999999761581;0.09007965260028838;0.1226;0.09004263111352921
2;0.12792000000476836;0.09001229514837265;0.1466;0.08997594780921936
