epoch;acc;loss;val_acc;val_loss
0;0.09586;0.18016246256828308;0.0967;0.18066000700592993
1;0.09902;0.1801960067844391;0.0967;0.18066000700592993
2;0.09902;0.1801960067844391;0.0967;0.18066000700592993
