epoch;acc;loss;val_acc;val_loss
0;0.12358;0.16856169434547424;0.0983;0.18034000465869904
1;0.09718;0.18056149859428405;0.0983;0.18034000465869904
2;0.09718;0.1805640003156662;0.0983;0.18034000465869904
