epoch;acc;loss;val_acc;val_loss
0;0.12548000000953674;0.08997514186143875;0.1366;0.0899338974237442
1;0.13269999999046325;0.08991163059473038;0.1447;0.08987036728858948
2;0.14072000000476836;0.0898498654460907;0.1526;0.08980765227079392
