epoch;acc;loss;val_acc;val_loss
0;0.12565999999046326;0.09005131330013275;0.1698;0.08910734889507294
1;0.20773999998092652;0.08824387917041779;0.2555;0.08721819921731949
2;0.31079999999046326;0.08625872814893723;0.3643;0.08498133752346039
