epoch;acc;loss;val_acc;val_loss
0;0.14158;0.15502075593709946;0.0915;0.18170000414848328
1;0.09012;0.18197600373268127;0.0915;0.18170000414848328
2;0.09012;0.18197600349903106;0.0915;0.18170000414848328
