epoch;acc;loss;val_acc;val_loss
0;0.12482;0.16580334681332112;0.1064;0.17871998919844628
1;0.11356;0.17728800119996072;0.1064;0.17871998339295386
2;0.11356;0.17728799887895585;0.1064;0.17871997196078301
