epoch;acc;loss;val_acc;val_loss
0;0.8067400000190735;0.029032802352309227;0.8842;0.01709387364536524
1;0.887279999961853;0.01679712371379137;0.904;0.014331375766545534
2;0.895239999961853;0.01569571036696434;0.9069;0.014060408315807581
