epoch;acc;loss;val_acc;val_loss
0;0.43828;0.07111420080214739;0.8639;0.020361969747766853
1;0.87604;0.01923298068097094;0.8871;0.019282019704837613
2;0.83336;0.03090010018950272;0.8364;0.031479086404666304
