epoch;acc;loss;val_acc;val_loss
0;0.17557999999523163;0.08932085942745209;0.2304;0.08846426249742508
1;0.29632000000953673;0.08765828678607941;0.3826;0.08640815761089325
2;0.41012000000953674;0.08501704124927521;0.5118;0.08259532964229584
