epoch;acc;loss;val_acc;val_loss
0;0.93748;0.009423810348408158;0.9705;0.004597051170251996
1;0.96938;0.004695649305117905;0.9701;0.004640942276858278
2;0.97528;0.0038469103865561402;0.975;0.0038425036322073574
