epoch;acc;loss;val_acc;val_loss
0;0.11164000000953675;0.08992090765476227;0.1073;0.08991046850681304
1;0.11902000000476837;0.08983431632518768;0.1174;0.08982089883089066
2;0.12774000000476837;0.08974693395614625;0.1255;0.08972972569465637
