epoch;acc;loss;val_acc;val_loss
0;0.28686;0.12343670213699341;0.2867;0.14246293084621428
1;0.13126;0.17371088875770568;0.109;0.17820000510215758
2;0.1035;0.17930000465393067;0.109;0.17820000510215758
