epoch;acc;loss;val_acc;val_loss
0;0.12896000000476837;0.08949047136068344;0.1685;0.08889565399885177
1;0.19033999998092652;0.08822236774206162;0.2003;0.08759576040506363
2;0.23236;0.0869085633111;0.2542;0.08616384270191192
